x_target,y_target,z_target,x_error,y_error,z_error,j1,j2,j3,j4,j5,j6
200.0,100.0,140.0,0.5,-1.2000000000000028,9.0,42.62,-26.63,-88.06,28.3,0.43,-47.46
200.0,88.23529411764706,140.0,1.0,9.56470588235294,9.0,41.13,-26.63,-88.06,28.3,0.52,-51.59
200.0,76.47058823529412,140.0,5.599999999999994,11.029411764705884,8.099999999999994,37.17,-27.33,-88.06,28.82,1.66,-55.54
200.0,64.70588235294117,140.0,11.300000000000011,9.994117647058829,7.0,33.66,-27.5,-88.06,29.26,1.84,-59.06
200.0,52.94117647058824,140.0,15.699999999999989,7.658823529411762,7.0,29.88,-27.5,-88.06,29.26,1.84,-62.66
200.0,41.17647058823529,140.0,19.19999999999999,5.32352941176471,7.0,25.92,-27.5,-88.06,29.26,1.84,-66.62
200.0,29.411764705882348,140.0,21.900000000000006,1.8882352941176528,7.0,22.23,-27.5,-88.06,29.26,1.84,-70.13
200.0,17.64705882352942,140.0,23.400000000000006,-0.6470588235294201,7.0,18.63,-27.5,-88.06,29.26,1.84,-73.74
200.0,5.882352941176478,140.0,24.099999999999994,-2.982352941176478,7.0,15.11,-27.59,-88.06,29.26,1.84,-77.34
200.0,-5.882352941176478,140.0,23.900000000000006,-4.517647058823522,6.699999999999989,11.6,-27.59,-88.06,29.26,1.84,-80.94
200.0,-17.64705882352942,140.0,22.80000000000001,-6.452941176470581,6.699999999999989,7.99,-27.59,-88.06,29.26,1.84,-84.55
200.0,-29.411764705882348,140.0,20.80000000000001,-8.688235294117653,6.699999999999989,4.39,-27.59,-88.06,29.26,1.84,-87.97
200.0,-41.176470588235304,140.0,17.599999999999994,-12.423529411764697,6.699999999999989,0.08,-27.59,-88.06,29.26,1.84,-92.1
200.0,-52.94117647058823,140.0,13.400000000000006,-15.558823529411768,6.699999999999989,-3.6,-27.59,-88.06,29.26,1.84,-95.27
200.0,-64.70588235294116,140.0,8.300000000000011,-17.994117647058843,6.699999999999989,-7.38,-27.59,-88.06,29.26,1.84,-96.5
200.0,-76.47058823529412,140.0,4.0,-16.32941176470588,6.699999999999989,-8.96,-27.59,-88.06,29.26,1.84,-96.67
200.0,-88.23529411764704,140.0,3.0,-6.764705882352956,6.699999999999989,-9.05,-27.59,-87.97,29.26,1.84,-96.76
200.0,100.0,140.0,0.4000000000000057,1.0,9.400000000000006,43.06,-26.98,-87.27,27.94,0.35,-47.28
200.0,88.23529411764706,140.0,1.8000000000000114,9.964705882352945,9.400000000000006,40.69,-27.07,-87.27,27.94,0.96,-51.85
200.0,76.47058823529412,140.0,7.199999999999989,9.42941176470589,8.800000000000011,36.47,-27.42,-87.27,28.03,1.31,-55.98
200.0,64.70588235294117,140.0,13.300000000000011,5.694117647058832,8.099999999999994,32.16,-27.5,-87.27,28.47,1.4,-60.11
200.0,52.94117647058824,140.0,18.19999999999999,0.9588235294117595,8.199999999999989,27.86,-27.5,-87.27,28.47,1.4,-64.42
200.0,41.17647058823529,140.0,21.599999999999994,-3.7764705882352914,8.199999999999989,23.46,-27.5,-87.27,28.47,1.4,-68.46
200.0,29.411764705882348,140.0,23.80000000000001,-8.811764705882347,8.199999999999989,19.24,-27.5,-87.27,28.47,1.4,-72.77
200.0,17.64705882352942,140.0,24.69999999999999,-13.24705882352942,8.199999999999989,15.11,-27.5,-87.27,28.47,1.4,-76.9
200.0,5.882352941176478,140.0,24.400000000000006,-17.882352941176478,8.199999999999989,11.25,-27.5,-87.27,28.47,1.4,-80.85
200.0,-5.882352941176478,140.0,23.19999999999999,-20.217647058823523,8.199999999999989,7.64,-27.5,-87.27,28.47,1.4,-84.46
200.0,-17.64705882352942,140.0,21.099999999999994,-22.45294117647058,8.199999999999989,4.04,-27.5,-87.27,28.47,1.4,-87.89
200.0,-29.411764705882348,140.0,17.900000000000006,-25.48823529411765,8.199999999999989,0.08,-27.5,-87.27,28.47,1.4,-91.66
200.0,-41.176470588235304,140.0,14.0,-27.323529411764696,8.199999999999989,-3.86,-27.5,-87.27,28.47,1.4,-95.0
200.0,-52.94117647058823,140.0,8.400000000000006,-31.158823529411762,8.199999999999989,-7.47,-27.5,-87.27,28.47,1.4,-96.5
200.0,-64.70588235294116,140.0,4.300000000000011,-28.894117647058835,8.199999999999989,-9.14,-27.5,-87.27,28.47,1.4,-96.59
200.0,-76.47058823529412,140.0,3.0,-19.92941176470589,8.199999999999989,-9.31,-27.5,-87.27,28.47,1.4,-96.67
200.0,-88.23529411764704,140.0,3.0,-8.164705882352962,8.199999999999989,-9.31,-27.5,-87.27,28.47,1.4,-96.85
200.0,100.0,140.0,0.30000000000001137,0.4000000000000057,10.099999999999994,43.06,-26.63,-87.09,27.07,0.0,-47.28
200.0,88.23529411764706,140.0,1.5999999999999943,9.464705882352945,9.699999999999989,40.6,-26.89,-87.09,27.07,0.96,-51.76
200.0,76.47058823529412,140.0,7.5,9.629411764705878,8.599999999999994,36.56,-27.77,-87.01,28.82,1.75,-55.89
200.0,64.70588235294117,140.0,14.0,6.094117647058823,7.900000000000006,32.16,-27.94,-87.01,29.0,1.75,-60.02
200.0,52.94117647058824,140.0,18.80000000000001,1.6588235294117624,8.0,27.86,-27.94,-87.01,29.0,1.75,-64.24
200.0,41.17647058823529,140.0,22.30000000000001,-3.17647058823529,8.0,23.55,-27.94,-87.01,29.0,1.75,-68.46
200.0,29.411764705882348,140.0,24.400000000000006,-6.8117647058823465,8.0,19.59,-27.94,-87.01,29.0,1.75,-72.42
200.0,17.64705882352942,140.0,25.400000000000006,-11.34705882352942,8.0,15.46,-27.94,-87.01,29.0,1.75,-76.46
200.0,5.882352941176478,140.0,25.19999999999999,-16.382352941176478,8.0,11.16,-27.94,-87.01,29.0,1.75,-80.94
200.0,-5.882352941176478,140.0,23.900000000000006,-21.217647058823523,8.0,6.94,-27.94,-87.01,29.0,1.75,-84.99
200.0,-17.64705882352942,140.0,21.30000000000001,-25.85294117647058,8.0,2.72,-27.94,-87.01,29.0,1.75,-88.94
200.0,-29.411764705882348,140.0,17.5,-30.188235294117653,8.0,-1.58,-27.94,-87.01,29.0,1.75,-93.07
200.0,-41.176470588235304,140.0,12.400000000000006,-34.62352941176469,8.0,-5.71,-27.94,-87.01,29.0,1.75,-96.32
200.0,-52.94117647058823,140.0,6.900000000000006,-36.65882352941176,8.0,-8.61,-27.94,-87.01,29.0,1.75,-96.5
200.0,-64.70588235294116,140.0,4.199999999999989,-30.894117647058835,8.0,-9.14,-27.94,-87.01,29.0,1.75,-96.67
200.0,-76.47058823529412,140.0,4.199999999999989,-19.12941176470588,8.0,-9.14,-27.94,-87.01,29.0,1.75,-96.76
200.0,-88.23529411764704,140.0,4.199999999999989,-7.3647058823529505,8.0,-9.14,-27.94,-87.01,29.0,1.75,-96.85
200.0,100.0,140.0,1.5,-0.7000000000000028,10.199999999999989,42.62,-26.89,-86.92,27.5,0.0,-47.28
200.0,88.23529411764706,140.0,1.5999999999999943,11.06470588235294,10.199999999999989,41.74,-26.89,-86.92,27.5,-0.08,-50.53
200.0,76.47058823529412,140.0,5.099999999999994,14.92941176470589,9.199999999999989,38.49,-27.42,-86.92,27.77,1.31,-54.31
200.0,64.70588235294117,140.0,10.699999999999989,14.39411764705882,9.0,34.89,-27.5,-86.92,28.3,1.4,-57.91
200.0,52.94117647058824,140.0,15.5,12.158823529411755,9.0,31.02,-27.5,-86.92,28.3,1.4,-61.61
200.0,41.17647058823529,140.0,19.30000000000001,9.523529411764713,9.0,27.33,-27.5,-86.92,28.38,1.4,-65.21
200.0,29.411764705882348,140.0,22.0,7.388235294117649,9.0,23.64,-27.5,-86.92,28.3,1.4,-68.73
200.0,17.64705882352942,140.0,24.0,4.85294117647058,9.0,20.03,-27.5,-86.92,28.3,1.4,-72.42
200.0,5.882352941176478,140.0,24.900000000000006,2.817647058823521,9.0,16.52,-27.5,-86.92,28.3,1.49,-76.02
200.0,-5.882352941176478,140.0,25.0,0.8823529411764781,9.0,12.91,-27.5,-86.92,28.3,1.49,-79.62
200.0,-17.64705882352942,140.0,24.30000000000001,-1.4529411764705813,9.0,9.05,-27.5,-86.92,28.38,1.49,-83.67
200.0,-29.411764705882348,140.0,22.19999999999999,-6.488235294117651,9.099999999999994,4.74,-27.5,-86.92,28.38,1.49,-87.62
200.0,-41.176470588235304,140.0,19.19999999999999,-9.923529411764697,9.0,1.14,-27.5,-86.92,28.38,1.49,-91.23
200.0,-52.94117647058823,140.0,15.199999999999989,-13.158823529411762,9.099999999999994,-2.9,-27.5,-86.92,28.38,1.49,-94.74
200.0,-64.70588235294116,140.0,10.5,-15.194117647058846,9.099999999999994,-6.41,-27.5,-86.92,28.38,1.49,-96.5
200.0,-76.47058823529412,140.0,6.0,-14.229411764705887,9.099999999999994,-8.61,-27.5,-86.92,28.38,1.49,-96.5
200.0,-88.23529411764704,140.0,3.8000000000000114,-7.164705882352962,9.0,-8.96,-27.5,-86.92,28.38,1.49,-96.67
200.0,100.0,140.0,0.4000000000000057,1.7000000000000028,9.900000000000006,43.24,-26.98,-87.27,28.3,0.26,-47.28
200.0,88.23529411764706,140.0,1.5999999999999943,11.06470588235294,9.900000000000006,41.13,-27.07,-87.27,28.3,0.96,-50.97
200.0,76.47058823529412,140.0,6.099999999999994,12.629411764705878,8.900000000000006,37.52,-27.5,-87.27,28.3,1.58,-54.22
200.0,64.70588235294117,140.0,11.400000000000006,11.194117647058832,7.699999999999989,33.57,-27.59,-87.27,28.74,1.84,-58.18
200.0,52.94117647058824,140.0,16.5,7.658823529411762,8.199999999999989,29.79,-27.59,-87.27,28.74,1.84,-61.78
200.0,41.17647058823529,140.0,20.0,5.4235294117647115,8.199999999999989,25.75,-27.59,-87.27,28.74,1.84,-65.74
200.0,29.411764705882348,140.0,22.900000000000006,0.1882352941176535,8.199999999999989,21.79,-27.59,-87.27,28.74,1.84,-69.6
200.0,17.64705882352942,140.0,24.30000000000001,-2.14705882352942,8.199999999999989,18.19,-27.59,-87.27,28.74,1.84,-73.21
200.0,5.882352941176478,140.0,24.80000000000001,-4.182352941176478,8.199999999999989,14.67,-27.59,-87.27,28.74,1.84,-76.64
200.0,-5.882352941176478,140.0,24.5,-6.417647058823523,8.199999999999989,11.07,-27.59,-87.27,28.74,1.84,-80.24
200.0,-17.64705882352942,140.0,23.30000000000001,-8.452941176470581,8.199999999999989,7.11,-27.59,-87.27,28.74,1.84,-84.28
200.0,-29.411764705882348,140.0,20.900000000000006,-12.288235294117655,8.199999999999989,3.42,-27.59,-87.27,28.74,1.93,-87.71
200.0,-41.176470588235304,140.0,17.900000000000006,-14.323529411764696,8.199999999999989,-0.17,-27.59,-87.27,28.74,1.93,-91.14
200.0,-52.94117647058823,140.0,13.5,-17.458823529411774,8.199999999999989,-4.13,-27.59,-87.27,28.74,1.93,-94.48
200.0,-64.70588235294116,140.0,8.699999999999989,-18.994117647058843,8.199999999999989,-7.47,-27.59,-87.27,28.74,1.93,-96.41
200.0,-76.47058823529412,140.0,4.300000000000011,-17.32941176470588,8.199999999999989,-9.58,-27.59,-87.27,28.74,1.93,-96.5
200.0,-88.23529411764704,140.0,2.5,-9.36470588235295,8.199999999999989,-9.66,-27.59,-87.27,28.74,1.84,-96.59
200.0,100.0,140.0,0.8000000000000114,0.9000000000000057,9.800000000000011,43.06,-26.98,-87.09,27.86,0.0,-47.28
200.0,88.23529411764706,140.0,2.0999999999999943,9.864705882352936,9.800000000000011,40.69,-26.98,-87.09,27.86,0.96,-51.76
200.0,76.47058823529412,140.0,7.5,8.92941176470589,9.800000000000011,36.38,-26.98,-87.09,27.86,1.31,-55.81
200.0,64.70588235294117,140.0,13.300000000000011,4.794117647058826,9.800000000000011,31.99,-27.07,-87.09,27.86,1.31,-59.94
200.0,52.94117647058824,140.0,18.099999999999994,0.058823529411760944,9.5,27.68,-27.07,-87.09,27.86,1.31,-64.16
200.0,41.17647058823529,140.0,21.400000000000006,-4.67647058823529,9.5,23.37,-27.07,-87.09,27.86,1.31,-68.37
200.0,29.411764705882348,140.0,23.5,-9.01176470588235,9.5,19.24,-27.07,-87.09,27.86,1.31,-72.59
200.0,17.64705882352942,140.0,24.400000000000006,-13.74705882352942,9.5,15.02,-27.07,-87.09,27.86,1.31,-76.72
200.0,5.882352941176478,140.0,24.099999999999994,-18.382352941176478,9.5,10.89,-27.24,-87.09,27.86,1.31,-81.03
200.0,-5.882352941176478,140.0,22.900000000000006,-22.51764705882352,7.400000000000006,6.76,-27.94,-87.01,28.82,1.58,-85.16
200.0,-17.64705882352942,140.0,21.30000000000001,-26.652941176470577,7.900000000000006,2.46,-28.03,-87.01,29.17,1.58,-88.76
200.0,-29.411764705882348,140.0,17.30000000000001,-31.38823529411765,7.900000000000006,-1.75,-28.03,-87.01,29.17,1.58,-93.16
200.0,-41.176470588235304,140.0,12.099999999999994,-35.7235294117647,7.900000000000006,-5.97,-28.03,-87.01,29.17,1.58,-96.24
200.0,-52.94117647058823,140.0,6.800000000000011,-37.458823529411774,7.900000000000006,-8.78,-28.03,-87.01,29.17,1.58,-96.41
200.0,-64.70588235294116,140.0,4.199999999999989,-31.394117647058835,7.900000000000006,-9.22,-28.03,-87.01,29.17,1.58,-96.5
200.0,-76.47058823529412,140.0,4.0,-19.92941176470589,7.900000000000006,-9.31,-28.03,-87.01,29.17,1.58,-96.67
200.0,-88.23529411764704,140.0,4.0,-8.164705882352962,7.900000000000006,-9.31,-28.03,-87.01,29.17,1.58,-96.85
200.0,100.0,140.0,1.8000000000000114,-0.29999999999999716,9.199999999999989,42.53,-27.33,-87.01,28.21,0.17,-47.28
200.0,88.23529411764706,140.0,2.0999999999999943,10.864705882352936,9.199999999999989,41.39,-27.33,-87.01,28.21,0.26,-50.88
200.0,76.47058823529412,140.0,5.699999999999989,14.229411764705887,9.199999999999989,38.14,-27.42,-87.01,28.21,1.58,-54.4
200.0,64.70588235294117,140.0,10.900000000000006,13.494117647058829,8.400000000000006,34.45,-27.59,-87.01,28.38,1.58,-58.09
200.0,52.94117647058824,140.0,15.800000000000011,11.358823529411758,8.400000000000006,30.76,-27.68,-87.01,28.56,1.58,-61.69
200.0,41.17647058823529,140.0,19.5,9.023529411764713,8.400000000000006,27.07,-27.68,-87.01,28.56,1.58,-65.3
200.0,29.411764705882348,140.0,22.30000000000001,6.588235294117652,8.400000000000006,23.37,-27.68,-87.01,28.56,1.58,-68.9
200.0,17.64705882352942,140.0,24.099999999999994,3.9529411764705813,8.400000000000006,19.77,-27.68,-87.01,28.56,1.58,-72.59
200.0,5.882352941176478,140.0,25.0,1.9176470588235217,8.400000000000006,16.25,-27.68,-87.01,28.56,1.58,-76.11
200.0,-5.882352941176478,140.0,25.099999999999994,-0.017647058823522244,8.400000000000006,12.74,-27.68,-87.01,28.56,1.58,-79.8
200.0,-17.64705882352942,140.0,24.30000000000001,-2.35294117647058,8.400000000000006,9.14,-27.68,-87.01,28.56,1.58,-83.32
200.0,-29.411764705882348,140.0,22.599999999999994,-4.388235294117649,8.400000000000006,5.53,-27.68,-87.01,28.56,1.58,-86.92
200.0,-41.176470588235304,140.0,20.0,-6.523529411764699,8.400000000000006,1.93,-27.68,-87.01,28.56,1.58,-90.17
200.0,-52.94117647058823,140.0,16.5,-8.858823529411765,8.400000000000006,-1.75,-27.68,-87.01,28.56,1.58,-93.6
200.0,-64.70588235294116,140.0,12.199999999999989,-10.494117647058843,8.400000000000006,-5.36,-27.68,-87.01,28.56,1.58,-96.32
200.0,-76.47058823529412,140.0,7.300000000000011,-11.329411764705881,8.400000000000006,-8.17,-27.68,-87.01,28.56,1.58,-96.5
200.0,-88.23529411764704,140.0,3.9000000000000057,-7.164705882352962,8.400000000000006,-9.22,-27.68,-87.01,28.56,1.58,-96.67
200.0,100.0,140.0,-0.4000000000000057,0.29999999999999716,10.800000000000011,43.15,-26.19,-87.09,26.36,0.0,-47.37
200.0,88.23529411764706,140.0,1.0999999999999943,9.464705882352945,9.699999999999989,40.69,-26.98,-87.09,28.03,1.23,-51.59
200.0,76.47058823529412,140.0,7.599999999999994,9.92941176470589,9.400000000000006,36.56,-27.33,-87.09,28.47,1.4,-55.72
200.0,64.70588235294117,140.0,13.699999999999989,5.494117647058829,9.400000000000006,32.16,-27.33,-87.09,28.47,1.4,-59.94
200.0,52.94117647058824,140.0,18.5,0.3588235294117581,9.400000000000006,27.68,-27.33,-87.09,28.47,1.4,-64.24
200.0,41.17647058823529,140.0,22.0,-4.376470588235293,9.599999999999994,23.29,-27.33,-87.01,28.47,1.4,-68.46
200.0,29.411764705882348,140.0,24.099999999999994,-9.01176470588235,9.599999999999994,19.16,-27.33,-87.01,28.47,1.4,-72.68
200.0,17.64705882352942,140.0,25.0,-13.84705882352942,9.599999999999994,14.94,-27.33,-87.01,28.47,1.4,-76.72
200.0,5.882352941176478,140.0,24.69999999999999,-18.48235294117648,9.599999999999994,10.72,-27.33,-87.01,28.47,1.4,-81.03
200.0,-5.882352941176478,140.0,23.19999999999999,-22.917647058823523,9.599999999999994,6.59,-27.33,-87.01,28.47,1.4,-85.16
200.0,-17.64705882352942,140.0,20.5,-27.45294117647058,9.599999999999994,2.28,-27.33,-87.01,28.47,1.4,-88.85
200.0,-29.411764705882348,140.0,16.400000000000006,-32.18823529411765,9.599999999999994,-1.93,-27.33,-87.01,28.47,1.4,-93.16
200.0,-41.176470588235304,140.0,11.300000000000011,-36.12352941176469,9.599999999999994,-6.06,-27.33,-87.01,28.47,1.4,-96.32
200.0,-52.94117647058823,140.0,5.800000000000011,-38.15882352941176,9.599999999999994,-8.96,-27.33,-87.01,28.47,1.4,-96.5
200.0,-64.70588235294116,140.0,3.1999999999999886,-31.994117647058843,9.599999999999994,-9.31,-27.33,-87.01,28.47,1.4,-96.59
200.0,-76.47058823529412,140.0,3.4000000000000057,-19.82941176470588,9.599999999999994,-9.22,-27.33,-87.01,28.47,1.14,-96.76
200.0,-88.23529411764704,140.0,3.5,-8.064705882352953,8.599999999999994,-9.22,-27.77,-86.92,28.47,1.14,-97.03
200.0,100.0,140.0,0.6999999999999886,0.4000000000000057,10.800000000000011,42.97,-26.63,-87.01,27.42,0.08,-47.28
200.0,88.23529411764706,140.0,1.4000000000000057,10.664705882352948,10.800000000000011,41.3,-26.89,-87.01,27.42,0.79,-51.06
200.0,76.47058823529412,140.0,5.699999999999989,13.829411764705881,9.0,38.05,-27.68,-87.01,29.0,1.84,-54.31
200.0,64.70588235294117,140.0,11.800000000000011,12.794117647058826,8.5,33.75,-27.94,-87.01,29.09,1.84,-58.53
200.0,52.94117647058824,140.0,16.80000000000001,9.058823529411761,8.099999999999994,29.97,-27.94,-87.01,29.09,1.84,-62.13
200.0,41.17647058823529,140.0,20.400000000000006,6.723529411764709,8.099999999999994,26.36,-27.94,-87.01,29.17,1.84,-65.74
200.0,29.411764705882348,140.0,23.099999999999994,4.288235294117655,8.199999999999989,22.67,-27.94,-87.01,29.17,1.84,-69.25
200.0,17.64705882352942,140.0,24.80000000000001,1.5529411764705792,8.199999999999989,19.07,-27.94,-87.01,29.17,1.84,-72.94
200.0,5.882352941176478,140.0,25.599999999999994,-2.182352941176478,8.199999999999989,15.11,-27.94,-87.01,29.17,1.84,-76.81
200.0,-5.882352941176478,140.0,25.30000000000001,-4.517647058823522,8.199999999999989,11.51,-27.94,-87.01,29.17,1.84,-80.5
200.0,-17.64705882352942,140.0,24.30000000000001,-6.552941176470579,8.199999999999989,7.99,-27.94,-87.01,29.17,1.84,-84.02
200.0,-29.411764705882348,140.0,22.30000000000001,-9.188235294117653,8.199999999999989,4.3,-27.94,-87.01,29.17,1.84,-87.62
200.0,-41.176470588235304,140.0,19.400000000000006,-11.323529411764696,8.199999999999989,0.61,-27.94,-87.01,29.17,1.84,-91.05
200.0,-52.94117647058823,140.0,15.099999999999994,-14.858823529411765,8.199999999999989,-3.69,-27.94,-87.01,29.17,1.84,-94.65
200.0,-64.70588235294116,140.0,9.900000000000006,-17.79411764705884,8.199999999999989,-7.11,-27.94,-87.01,29.17,1.84,-96.41
200.0,-76.47058823529412,140.0,5.300000000000011,-16.92941176470589,8.199999999999989,-9.22,-27.94,-87.01,29.17,1.84,-96.5
200.0,-88.23529411764704,140.0,4.0,-7.8647058823529505,8.300000000000011,-9.31,-27.94,-87.01,29.17,1.93,-96.59
200.0,100.0,140.0,1.4000000000000057,1.7000000000000028,4.5,43.15,-28.65,-86.3,26.89,-0.96,-49.48
200.0,88.23529411764706,140.0,3.3000000000000114,9.764705882352942,4.5,40.34,-28.65,-86.3,26.89,0.35,-54.14
200.0,76.47058823529412,140.0,8.199999999999989,9.029411764705884,4.300000000000011,36.21,-28.65,-86.92,27.15,2.9,-58.27
200.0,64.70588235294117,140.0,12.800000000000011,6.094117647058823,3.1999999999999886,32.34,-28.65,-87.36,27.94,3.07,-62.22
200.0,52.94117647058824,140.0,17.0,3.358823529411758,3.0,28.21,-28.65,-87.36,27.94,3.07,-66.35
200.0,41.17647058823529,140.0,20.599999999999994,-1.3764705882352928,3.0,23.9,-28.65,-87.36,27.94,3.07,-70.57
200.0,29.411764705882348,140.0,22.900000000000006,-6.3117647058823465,3.0,19.51,-28.65,-87.36,27.94,3.07,-74.79
200.0,17.64705882352942,140.0,24.099999999999994,-11.34705882352942,3.0,15.29,-28.65,-87.36,27.94,3.07,-79.01
200.0,5.882352941176478,140.0,23.900000000000006,-15.982352941176478,3.0,11.16,-28.65,-87.36,27.94,3.07,-83.14
200.0,-5.882352941176478,140.0,22.599999999999994,-20.31764705882352,3.0,6.94,-28.65,-87.36,27.94,3.07,-87.45
200.0,-17.64705882352942,140.0,20.0,-25.152941176470577,3.0,2.63,-28.65,-87.36,27.94,3.07,-90.96
200.0,-29.411764705882348,140.0,16.30000000000001,-29.48823529411765,3.0,-1.66,-28.65,-87.36,27.94,3.07,-95.44
200.0,-41.176470588235304,140.0,11.199999999999989,-33.823529411764696,3.0,-5.8,-28.65,-87.36,27.94,3.07,-98.7
200.0,-52.94117647058823,140.0,5.699999999999989,-36.15882352941176,3.0,-9.05,-28.65,-87.36,27.94,2.98,-98.87
200.0,-64.70588235294116,140.0,2.6999999999999886,-30.994117647058843,3.0,-9.58,-28.65,-87.36,27.94,2.98,-98.96
200.0,-76.47058823529412,140.0,2.4000000000000057,-19.82941176470588,3.0,-9.66,-28.65,-87.36,27.94,2.98,-99.05
200.0,-88.23529411764704,140.0,2.4000000000000057,-8.164705882352962,3.0,-9.66,-28.65,-87.36,27.94,2.9,-99.05
200.0,100.0,140.0,0.30000000000001137,0.7999999999999972,6.699999999999989,43.06,-27.5,-87.27,27.42,0.35,-47.28
200.0,88.23529411764706,140.0,1.6999999999999886,9.764705882352942,6.699999999999989,40.69,-27.5,-87.27,27.42,0.52,-51.76
200.0,76.47058823529412,140.0,7.5,8.42941176470589,6.699999999999989,36.38,-27.5,-87.27,27.42,0.52,-55.89
200.0,64.70588235294117,140.0,13.400000000000006,4.094117647058823,6.699999999999989,31.99,-27.5,-87.27,27.42,0.52,-60.02
200.0,52.94117647058824,140.0,17.900000000000006,-0.34117647058823763,6.699999999999989,27.94,-27.5,-87.27,27.42,0.52,-64.42
200.0,41.17647058823529,140.0,21.099999999999994,-4.0764705882352885,6.699999999999989,23.81,-27.5,-87.27,27.42,0.52,-68.46
200.0,29.411764705882348,140.0,23.19999999999999,-8.711764705882349,6.699999999999989,19.42,-27.5,-87.27,27.42,0.52,-72.77
200.0,17.64705882352942,140.0,24.19999999999999,-13.74705882352942,6.699999999999989,15.11,-27.5,-87.27,27.42,0.52,-76.81
200.0,5.882352941176478,140.0,23.80000000000001,-19.082352941176477,6.699999999999989,10.81,-27.5,-87.27,27.42,0.52,-81.12
200.0,-5.882352941176478,140.0,22.19999999999999,-23.717647058823523,6.699999999999989,6.59,-27.5,-87.27,27.42,0.52,-85.34
200.0,-17.64705882352942,140.0,19.599999999999994,-27.25294117647058,6.699999999999989,2.63,-27.5,-87.27,27.42,0.52,-89.2
200.0,-29.411764705882348,140.0,15.699999999999989,-31.48823529411765,6.699999999999989,-1.58,-27.5,-87.27,27.42,0.52,-93.25
200.0,-41.176470588235304,140.0,10.5,-35.823529411764696,6.699999999999989,-5.8,-27.5,-87.18,27.42,0.52,-96.85
200.0,-52.94117647058823,140.0,5.5,-37.75882352941177,5.800000000000011,-8.7,-28.21,-87.18,28.65,0.7,-97.11
200.0,-64.70588235294116,140.0,3.6999999999999886,-31.894117647058835,5.900000000000006,-9.31,-28.3,-87.18,28.82,0.87,-97.2
200.0,-76.47058823529412,140.0,3.5,-20.42941176470589,5.900000000000006,-9.31,-28.3,-87.18,28.82,0.87,-97.29
200.0,-88.23529411764704,140.0,3.5,-8.664705882352962,5.900000000000006,-9.31,-28.3,-87.18,28.82,0.87,-97.47
200.0,100.0,140.0,0.4000000000000057,-0.20000000000000284,7.599999999999994,42.89,-27.15,-87.27,27.07,0.17,-47.28
200.0,88.23529411764706,140.0,0.9000000000000057,10.664705882352948,7.599999999999994,41.3,-27.15,-87.27,27.07,0.52,-51.15
200.0,76.47058823529412,140.0,5.300000000000011,12.42941176470589,7.599999999999994,37.88,-27.15,-87.27,27.07,1.31,-54.31
200.0,64.70588235294117,140.0,10.5,10.89411764705882,7.599999999999994,33.57,-27.15,-87.27,27.07,1.31,-58.35
200.0,52.94117647058824,140.0,15.5,6.9588235294117595,7.599999999999994,29.79,-27.15,-87.27,27.07,1.31,-61.96
200.0,41.17647058823529,140.0,19.099999999999994,3.7235294117647086,7.599999999999994,25.57,-27.15,-87.27,27.07,1.31,-66.26
200.0,29.411764705882348,140.0,21.69999999999999,-0.11176470588234722,7.599999999999994,21.79,-27.15,-87.27,27.07,1.31,-69.87
200.0,17.64705882352942,140.0,23.19999999999999,-2.64705882352942,7.599999999999994,18.28,-27.15,-87.27,27.07,1.31,-73.47
200.0,5.882352941176478,140.0,23.69999999999999,-4.582352941176478,7.599999999999994,14.76,-27.15,-87.27,27.07,1.31,-76.99
200.0,-5.882352941176478,140.0,23.400000000000006,-6.417647058823523,7.300000000000011,11.16,-27.5,-87.27,27.15,1.31,-80.68
200.0,-17.64705882352942,140.0,23.19999999999999,-8.15294117647058,6.300000000000011,7.73,-28.21,-87.27,29.0,1.4,-84.28
200.0,-29.411764705882348,140.0,21.900000000000006,-9.88823529411765,6.0,4.13,-28.3,-87.18,29.09,1.4,-87.8
200.0,-41.176470588235304,140.0,19.099999999999994,-12.023529411764699,6.300000000000011,0.61,-28.3,-87.18,29.09,1.4,-91.23
200.0,-52.94117647058823,140.0,15.400000000000006,-13.558823529411768,6.300000000000011,-3.07,-28.3,-87.18,29.09,1.4,-94.74
200.0,-64.70588235294116,140.0,10.699999999999989,-15.594117647058837,6.300000000000011,-6.5,-28.3,-87.18,29.09,1.4,-97.03
200.0,-76.47058823529412,140.0,6.199999999999989,-14.729411764705887,6.300000000000011,-8.7,-28.3,-87.18,29.09,1.4,-97.03
200.0,-88.23529411764704,140.0,4.099999999999994,-7.664705882352962,6.300000000000011,-9.22,-28.3,-87.18,29.09,1.4,-97.11
200.0,100.0,140.0,0.5999999999999943,-1.0999999999999943,8.0,42.62,-26.98,-87.27,26.89,0.43,-47.19
200.0,88.23529411764706,140.0,0.6999999999999886,10.664705882352948,8.0,41.3,-26.98,-87.27,26.89,0.61,-51.41
200.0,76.47058823529412,140.0,5.099999999999994,12.529411764705884,8.0,37.88,-27.07,-87.27,26.89,0.96,-54.58
200.0,64.70588235294117,140.0,10.400000000000006,10.89411764705882,7.699999999999989,34.1,-27.07,-87.27,26.89,0.96,-58.27
200.0,52.94117647058824,140.0,15.0,8.258823529411764,7.699999999999989,30.32,-27.07,-87.27,26.89,0.96,-61.87
200.0,41.17647058823529,140.0,18.5,6.4235294117647115,7.699999999999989,26.71,-27.07,-87.27,26.89,0.96,-65.47
200.0,29.411764705882348,140.0,21.0,4.388235294117649,7.699999999999989,23.11,-27.07,-87.27,26.89,0.96,-69.08
200.0,17.64705882352942,140.0,22.80000000000001,1.8529411764705799,7.699999999999989,19.51,-27.07,-87.27,26.89,0.96,-72.77
200.0,5.882352941176478,140.0,23.599999999999994,-1.7823529411764785,7.699999999999989,15.2,-27.07,-87.27,26.89,0.96,-76.99
200.0,-5.882352941176478,140.0,23.30000000000001,-5.017647058823522,7.699999999999989,11.68,-27.5,-87.18,27.42,1.05,-80.77
200.0,-17.64705882352942,140.0,23.900000000000006,-7.652941176470581,7.199999999999989,7.91,-28.21,-87.18,29.17,1.05,-84.63
200.0,-29.411764705882348,140.0,22.30000000000001,-9.188235294117653,6.699999999999989,4.39,-28.21,-87.18,29.17,1.05,-88.15
200.0,-41.176470588235304,140.0,19.30000000000001,-11.623529411764693,6.699999999999989,0.79,-28.21,-87.18,29.17,1.05,-91.4
200.0,-52.94117647058823,140.0,15.699999999999989,-13.258823529411771,6.699999999999989,-2.81,-28.21,-87.18,29.17,1.05,-95.09
200.0,-64.70588235294116,140.0,11.099999999999994,-14.894117647058835,6.699999999999989,-6.24,-28.21,-87.18,29.17,1.05,-97.03
200.0,-76.47058823529412,140.0,6.199999999999989,-14.92941176470589,6.699999999999989,-8.61,-28.21,-87.18,29.17,1.05,-97.03
200.0,-88.23529411764704,140.0,4.400000000000006,-7.264705882352956,6.699999999999989,-8.96,-28.21,-87.18,29.17,1.05,-97.2
200.0,100.0,140.0,0.0,1.4000000000000057,8.0,43.24,-27.24,-87.27,27.59,0.35,-47.28
200.0,88.23529411764706,140.0,1.5,10.164705882352948,8.0,40.69,-27.24,-87.27,27.59,0.61,-51.67
200.0,76.47058823529412,140.0,7.199999999999989,9.129411764705878,8.0,36.47,-27.24,-87.27,27.59,1.14,-55.72
200.0,64.70588235294117,140.0,13.0,4.89411764705882,8.0,31.99,-27.24,-87.27,27.59,1.23,-59.85
200.0,52.94117647058824,140.0,17.80000000000001,-0.2411764705882362,8.0,27.68,-27.24,-87.27,27.59,1.23,-64.07
200.0,41.17647058823529,140.0,21.099999999999994,-4.5764705882352885,8.0,23.46,-27.24,-87.27,27.59,1.23,-68.29
200.0,29.411764705882348,140.0,23.19999999999999,-9.211764705882349,8.0,19.24,-27.24,-87.27,27.59,1.23,-72.5
200.0,17.64705882352942,140.0,24.099999999999994,-13.54705882352942,7.699999999999989,15.11,-27.68,-87.18,27.68,1.49,-76.72
200.0,5.882352941176478,140.0,24.599999999999994,-17.082352941176477,7.099999999999994,11.16,-28.03,-87.18,28.82,1.49,-80.94
200.0,-5.882352941176478,140.0,23.5,-21.417647058823523,6.900000000000006,6.85,-28.03,-87.18,28.82,1.49,-84.99
200.0,-17.64705882352942,140.0,20.80000000000001,-26.75294117647058,6.900000000000006,2.46,-28.03,-87.18,28.82,1.49,-89.29
200.0,-29.411764705882348,140.0,17.099999999999994,-30.38823529411765,6.900000000000006,-1.23,-28.03,-87.18,28.82,1.49,-92.46
200.0,-41.176470588235304,140.0,12.800000000000011,-32.5235294117647,6.900000000000006,-4.83,-28.03,-87.18,28.82,1.49,-95.97
200.0,-52.94117647058823,140.0,7.599999999999994,-34.25882352941177,6.900000000000006,-8.26,-28.03,-87.18,28.82,1.49,-96.94
200.0,-64.70588235294116,140.0,4.0,-30.79411764705884,6.900000000000006,-9.4,-28.03,-87.18,28.82,1.49,-97.03
200.0,-76.47058823529412,140.0,3.5,-19.92941176470589,6.900000000000006,-9.22,-28.03,-87.18,28.82,1.31,-97.11
200.0,-88.23529411764704,140.0,3.6999999999999886,-7.964705882352959,6.900000000000006,-9.22,-28.03,-87.18,28.82,1.23,-97.29
200.0,100.0,140.0,0.5,0.7000000000000028,8.099999999999994,43.06,-27.24,-87.27,27.68,0.08,-47.28
200.0,88.23529411764706,140.0,1.3000000000000114,10.964705882352945,8.099999999999994,41.39,-27.24,-87.27,27.68,0.61,-51.15
200.0,76.47058823529412,140.0,5.599999999999994,12.92941176470589,8.099999999999994,37.88,-27.24,-87.27,27.68,1.05,-54.22
200.0,64.70588235294117,140.0,11.0,10.994117647058829,8.099999999999994,34.1,-27.24,-87.27,27.68,1.05,-57.91
200.0,52.94117647058824,140.0,15.5,8.658823529411762,8.099999999999994,30.32,-27.24,-87.27,27.77,1.05,-61.52
200.0,41.17647058823529,140.0,19.099999999999994,6.4235294117647115,8.099999999999994,26.71,-27.24,-87.27,27.77,1.05,-65.12
200.0,29.411764705882348,140.0,21.599999999999994,4.6882352941176535,8.099999999999994,23.2,-27.24,-87.27,27.68,1.05,-68.64
200.0,17.64705882352942,140.0,23.30000000000001,2.2529411764705785,8.199999999999989,19.51,-27.24,-87.27,27.68,1.14,-72.33
200.0,5.882352941176478,140.0,24.099999999999994,0.21764705882352153,8.199999999999989,15.99,-27.24,-87.27,27.77,1.14,-75.84
200.0,-5.882352941176478,140.0,24.0,-2.0176470588235222,8.099999999999994,12.3,-27.24,-87.27,27.77,1.14,-79.54
200.0,-17.64705882352942,140.0,23.099999999999994,-4.652941176470581,8.199999999999989,8.7,-27.24,-87.27,27.77,1.14,-83.05
200.0,-29.411764705882348,140.0,21.30000000000001,-6.888235294117649,8.199999999999989,5.09,-27.24,-87.27,27.77,1.14,-86.74
200.0,-41.176470588235304,140.0,18.5,-8.923529411764697,8.099999999999994,1.58,-27.24,-87.27,27.77,1.14,-90.17
200.0,-52.94117647058823,140.0,15.099999999999994,-10.458823529411767,8.199999999999989,-2.02,-27.33,-87.27,27.77,1.14,-93.6
200.0,-64.70588235294116,140.0,10.800000000000011,-12.394117647058835,6.800000000000011,-5.62,-28.03,-87.18,28.65,1.31,-96.85
200.0,-76.47058823529412,140.0,7.099999999999994,-12.529411764705884,6.900000000000006,-8.52,-28.12,-87.18,29.17,1.31,-97.03
200.0,-88.23529411764704,140.0,3.8000000000000114,-8.36470588235295,7.099999999999994,-9.49,-28.12,-87.18,29.17,1.31,-97.11
200.0,100.0,140.0,0.8000000000000114,-0.09999999999999432,8.0,42.8,-27.24,-87.27,27.59,0.26,-47.19
200.0,88.23529411764706,140.0,1.1999999999999886,10.964705882352945,8.0,41.39,-27.24,-87.27,27.68,0.52,-51.32
200.0,76.47058823529412,140.0,5.5,12.92941176470589,8.0,37.88,-27.24,-87.27,27.59,1.14,-54.31
200.0,64.70588235294117,140.0,11.0,10.694117647058832,8.0,33.92,-27.24,-87.27,27.68,1.14,-58.09
200.0,52.94117647058824,140.0,15.5,8.358823529411758,8.0,30.14,-27.24,-87.27,27.59,1.14,-61.69
200.0,41.17647058823529,140.0,19.0,6.123529411764707,8.0,26.54,-27.24,-87.27,27.68,1.14,-65.3
200.0,29.411764705882348,140.0,21.599999999999994,4.088235294117652,8.099999999999994,22.85,-27.24,-87.27,27.59,1.14,-68.9
200.0,17.64705882352942,140.0,23.30000000000001,1.4529411764705813,8.0,19.24,-27.24,-87.27,27.59,1.14,-72.59
200.0,5.882352941176478,140.0,24.099999999999994,-0.8823529411764781,8.0,15.46,-27.33,-87.27,27.68,1.14,-76.37
200.0,-5.882352941176478,140.0,24.599999999999994,-5.517647058823522,6.900000000000006,11.51,-28.12,-87.18,29.09,1.31,-80.68
200.0,-17.64705882352942,140.0,24.099999999999994,-7.052941176470579,6.900000000000006,7.99,-28.12,-87.18,29.17,1.31,-84.28
200.0,-29.411764705882348,140.0,22.19999999999999,-8.98823529411765,7.099999999999994,4.39,-28.12,-87.18,29.17,1.31,-87.8
200.0,-41.176470588235304,140.0,19.30000000000001,-11.423529411764697,7.099999999999994,0.7,-28.12,-87.18,29.17,1.31,-91.31
200.0,-52.94117647058823,140.0,15.400000000000006,-13.658823529411762,7.099999999999994,-2.98,-28.12,-87.18,29.17,1.31,-94.83
200.0,-64.70588235294116,140.0,10.800000000000011,-15.29411764705884,7.099999999999994,-6.5,-28.12,-87.18,29.17,1.31,-97.03
200.0,-76.47058823529412,140.0,6.099999999999994,-15.029411764705884,7.099999999999994,-8.87,-28.12,-87.18,29.17,1.31,-97.03
200.0,-88.23529411764704,140.0,3.5999999999999943,-8.664705882352962,7.099999999999994,-9.4,-28.12,-87.18,29.17,1.31,-97.11
200.0,100.0,140.0,-0.09999999999999432,-1.0,9.099999999999994,42.8,-26.45,-87.09,25.83,0.26,-47.28
200.0,88.23529411764706,140.0,0.8000000000000114,8.964705882352945,8.699999999999989,40.6,-27.07,-87.09,26.63,0.96,-52.03
200.0,76.47058823529412,140.0,7.900000000000006,9.329411764705881,7.800000000000011,36.38,-28.03,-87.09,28.74,1.4,-55.98
200.0,64.70588235294117,140.0,14.199999999999989,5.494117647058829,7.300000000000011,31.99,-28.03,-87.09,28.91,1.4,-60.11
200.0,52.94117647058824,140.0,18.900000000000006,0.6588235294117624,7.300000000000011,27.77,-28.03,-87.09,28.91,1.4,-64.42
200.0,41.17647058823529,140.0,22.30000000000001,-3.876470588235293,7.300000000000011,23.55,-28.03,-87.09,28.91,1.4,-68.55
200.0,29.411764705882348,140.0,24.400000000000006,-8.211764705882349,7.300000000000011,19.33,-28.03,-87.09,28.91,1.4,-72.86
200.0,17.64705882352942,140.0,25.400000000000006,-12.64705882352942,7.300000000000011,15.2,-28.03,-87.09,28.91,1.4,-76.99
200.0,5.882352941176478,140.0,25.099999999999994,-17.382352941176478,7.300000000000011,10.98,-28.03,-87.09,28.91,1.4,-81.29
200.0,-5.882352941176478,140.0,23.80000000000001,-21.117647058823522,7.300000000000011,6.85,-28.03,-87.09,28.91,1.4,-85.07
200.0,-17.64705882352942,140.0,21.0,-26.75294117647058,7.300000000000011,2.46,-28.03,-87.09,28.91,1.4,-89.38
200.0,-29.411764705882348,140.0,16.80000000000001,-32.18823529411765,7.300000000000011,-1.93,-28.03,-87.09,28.91,1.4,-93.42
200.0,-41.176470588235304,140.0,11.699999999999989,-36.2235294117647,7.300000000000011,-6.06,-28.03,-87.09,28.91,1.4,-96.94
200.0,-52.94117647058823,140.0,6.199999999999989,-38.15882352941176,7.300000000000011,-9.05,-28.03,-87.09,28.91,1.4,-97.03
200.0,-64.70588235294116,140.0,3.0999999999999943,-32.99411764705884,7.300000000000011,-9.49,-28.03,-87.09,28.91,1.4,-97.11
200.0,-76.47058823529412,140.0,3.5999999999999943,-20.529411764705884,7.5,-9.4,-28.03,-87.01,28.91,1.05,-97.29
200.0,-88.23529411764704,140.0,3.5999999999999943,-8.86470588235295,7.5,-9.4,-28.03,-87.01,28.91,1.05,-97.38
200.0,100.0,140.0,1.0,-0.5999999999999943,8.699999999999989,42.71,-27.07,-87.09,27.24,0.08,-47.28
200.0,88.23529411764706,140.0,2.0,9.264705882352942,8.699999999999989,40.6,-27.07,-87.09,27.24,0.7,-52.11
200.0,76.47058823529412,140.0,7.400000000000006,8.42941176470589,8.699999999999989,36.29,-27.07,-87.09,27.24,0.96,-55.98
200.0,64.70588235294117,140.0,13.300000000000011,4.094117647058823,8.699999999999989,31.81,-27.24,-87.09,27.24,0.96,-60.2
200.0,52.94117647058824,140.0,18.400000000000006,-0.34117647058823763,7.5,27.68,-27.68,-87.09,28.38,1.23,-64.51
200.0,41.17647058823529,140.0,21.900000000000006,-4.17647058823529,7.900000000000006,23.46,-27.68,-87.09,28.38,1.23,-68.64
200.0,29.411764705882348,140.0,24.099999999999994,-8.811764705882347,7.900000000000006,19.24,-27.68,-87.09,28.38,1.23,-72.94
200.0,17.64705882352942,140.0,25.0,-13.64705882352942,7.900000000000006,15.02,-27.68,-87.09,28.38,1.23,-77.08
200.0,5.882352941176478,140.0,24.69999999999999,-18.282352941176477,7.900000000000006,10.81,-27.68,-87.09,28.38,1.23,-81.47
200.0,-5.882352941176478,140.0,23.099999999999994,-23.01764705882352,7.900000000000006,6.67,-27.68,-87.09,28.38,1.23,-85.6
200.0,-17.64705882352942,140.0,20.5,-27.25294117647058,7.900000000000006,2.37,-27.68,-87.09,28.38,1.23,-89.91
200.0,-29.411764705882348,140.0,16.80000000000001,-30.588235294117652,7.900000000000006,-1.49,-27.68,-87.09,28.38,1.23,-93.6
200.0,-41.176470588235304,140.0,11.800000000000011,-34.62352941176469,7.900000000000006,-5.71,-27.68,-87.09,28.38,1.23,-96.94
200.0,-52.94117647058823,140.0,5.900000000000006,-37.65882352941176,7.900000000000006,-8.87,-27.68,-87.09,28.38,1.23,-97.03
200.0,-64.70588235294116,140.0,3.0999999999999943,-32.194117647058846,7.900000000000006,-9.4,-27.68,-87.09,28.38,1.23,-97.11
200.0,-76.47058823529412,140.0,3.4000000000000057,-20.029411764705884,8.199999999999989,-9.22,-27.68,-87.01,28.38,0.96,-97.2
200.0,-88.23529411764704,140.0,3.4000000000000057,-8.264705882352956,8.199999999999989,-9.22,-27.68,-87.01,28.38,0.96,-97.38
200.0,100.0,140.0,-0.19999999999998863,-0.20000000000000284,9.199999999999989,42.97,-26.54,-87.09,26.19,0.26,-47.28
200.0,88.23529411764706,140.0,0.4000000000000057,10.364705882352936,9.199999999999989,41.13,-26.54,-87.09,26.19,0.61,-51.32
200.0,76.47058823529412,140.0,5.800000000000011,9.92941176470589,9.199999999999989,36.82,-26.54,-87.09,26.19,0.79,-55.19
200.0,64.70588235294117,140.0,11.599999999999994,6.294117647058826,9.199999999999989,33.04,-26.63,-87.09,26.19,0.79,-58.79
200.0,52.94117647058824,140.0,16.30000000000001,4.358823529411758,8.099999999999994,29.35,-27.5,-87.09,28.21,1.14,-62.49
200.0,41.17647058823529,140.0,20.599999999999994,3.623529411764707,8.099999999999994,25.83,-27.68,-87.09,28.56,1.14,-66.0
200.0,29.411764705882348,140.0,23.0,1.7882352941176514,8.099999999999994,22.23,-27.68,-87.09,28.56,1.14,-69.6
200.0,17.64705882352942,140.0,24.5,-0.8470588235294194,8.099999999999994,18.54,-27.68,-87.09,28.56,1.14,-73.3
200.0,5.882352941176478,140.0,25.099999999999994,-3.282352941176478,8.099999999999994,14.94,-27.68,-87.09,28.56,1.14,-76.72
200.0,-5.882352941176478,140.0,24.80000000000001,-5.617647058823522,8.099999999999994,11.33,-27.68,-87.09,28.56,1.14,-80.41
200.0,-17.64705882352942,140.0,23.69999999999999,-7.552941176470579,8.099999999999994,7.91,-27.68,-87.09,28.56,1.14,-84.02
200.0,-29.411764705882348,140.0,21.5,-10.88823529411765,8.099999999999994,3.95,-27.68,-87.09,28.56,1.14,-87.8
200.0,-41.176470588235304,140.0,18.400000000000006,-13.223529411764694,8.099999999999994,0.26,-27.68,-87.09,28.56,1.14,-91.14
200.0,-52.94117647058823,140.0,14.599999999999994,-15.158823529411762,8.099999999999994,-3.33,-27.68,-87.09,28.56,1.14,-94.83
200.0,-64.70588235294116,140.0,9.800000000000011,-16.994117647058843,8.099999999999994,-6.76,-27.68,-87.09,28.56,1.14,-96.94
200.0,-76.47058823529412,140.0,5.400000000000006,-15.729411764705887,8.099999999999994,-9.14,-27.68,-87.09,28.56,1.14,-97.03
200.0,-88.23529411764704,140.0,3.0,-9.064705882352953,8.099999999999994,-9.58,-27.68,-87.09,28.56,1.14,-97.11
200.0,100.0,140.0,0.8000000000000114,0.29999999999999716,9.0,42.89,-27.24,-87.01,27.68,0.35,-47.28
200.0,88.23529411764706,140.0,1.5999999999999943,10.964705882352945,8.800000000000011,41.3,-27.24,-87.01,27.68,0.52,-51.24
200.0,76.47058823529412,140.0,6.0,13.129411764705878,8.199999999999989,37.88,-27.42,-87.01,27.68,1.14,-54.22
200.0,64.70588235294117,140.0,11.300000000000011,11.294117647058826,8.199999999999989,34.01,-27.42,-87.01,27.68,1.14,-57.91
200.0,52.94117647058824,140.0,15.900000000000006,8.95882352941176,8.199999999999989,30.41,-27.42,-87.01,27.68,1.14,-61.52
200.0,41.17647058823529,140.0,19.5,6.82352941176471,8.400000000000006,26.63,-27.42,-86.92,27.68,1.14,-65.21
200.0,29.411764705882348,140.0,22.099999999999994,4.6882352941176535,8.400000000000006,22.58,-27.42,-86.92,27.68,1.14,-69.08
200.0,17.64705882352942,140.0,24.0,-0.3470588235294194,8.400000000000006,18.72,-27.42,-86.92,27.68,1.14,-73.12
200.0,5.882352941176478,140.0,24.69999999999999,-2.682352941176478,8.400000000000006,15.2,-27.42,-86.92,27.68,1.23,-76.64
200.0,-5.882352941176478,140.0,24.400000000000006,-4.917647058823523,8.5,11.6,-27.42,-86.92,27.68,1.23,-80.24
200.0,-17.64705882352942,140.0,23.30000000000001,-6.85294117647058,8.5,7.99,-27.42,-86.92,27.68,1.23,-83.93
200.0,-29.411764705882348,140.0,21.30000000000001,-9.088235294117652,8.5,4.39,-27.42,-86.92,27.68,1.23,-87.45
200.0,-41.176470588235304,140.0,18.400000000000006,-11.523529411764699,8.5,0.7,-27.59,-86.92,27.68,1.23,-91.05
200.0,-52.94117647058823,140.0,14.900000000000006,-13.358823529411765,7.800000000000011,-3.07,-27.68,-86.92,28.03,1.23,-94.57
200.0,-64.70588235294116,140.0,9.599999999999994,-17.29411764705884,8.099999999999994,-7.2,-27.68,-86.92,28.12,1.23,-96.94
200.0,-76.47058823529412,140.0,4.400000000000006,-17.62941176470588,8.099999999999994,-9.4,-27.68,-86.92,28.12,1.23,-97.03
200.0,-88.23529411764704,140.0,2.8000000000000114,-9.264705882352956,8.099999999999994,-9.4,-27.68,-86.92,28.12,1.05,-97.11
200.0,100.0,140.0,1.0999999999999943,-0.5,8.900000000000006,42.71,-27.07,-87.09,27.42,0.08,-47.28
200.0,88.23529411764706,140.0,1.5,10.56470588235294,8.900000000000006,41.48,-27.24,-87.09,27.42,0.26,-50.97
200.0,76.47058823529412,140.0,5.5,13.42941176470589,8.400000000000006,37.96,-27.24,-87.09,27.5,1.23,-54.4
200.0,64.70588235294117,140.0,10.800000000000011,11.794117647058826,8.400000000000006,34.27,-27.24,-87.09,27.42,1.23,-58.09
200.0,52.94117647058824,140.0,15.300000000000011,9.45882352941176,8.199999999999989,30.49,-27.24,-87.09,27.5,1.23,-61.69
200.0,41.17647058823529,140.0,18.900000000000006,7.32352941176471,8.199999999999989,26.89,-27.24,-87.09,27.42,1.23,-65.3
200.0,29.411764705882348,140.0,21.5,5.1882352941176535,7.900000000000006,23.29,-27.5,-87.09,27.5,1.31,-68.9
200.0,17.64705882352942,140.0,23.80000000000001,3.2529411764705785,8.199999999999989,19.77,-27.5,-87.01,27.94,1.31,-72.59
200.0,5.882352941176478,140.0,24.599999999999994,1.2176470588235215,8.199999999999989,16.17,-27.5,-87.01,27.94,1.31,-76.11
200.0,-5.882352941176478,140.0,24.599999999999994,-1.0176470588235222,8.199999999999989,12.56,-27.5,-87.01,27.94,1.31,-79.8
200.0,-17.64705882352942,140.0,23.80000000000001,-3.052941176470579,8.199999999999989,8.96,-27.5,-87.01,27.94,1.31,-83.32
200.0,-29.411764705882348,140.0,22.0,-5.288235294117655,8.199999999999989,5.36,-27.5,-87.01,27.94,1.31,-87.01
200.0,-41.176470588235304,140.0,19.400000000000006,-7.423529411764697,8.199999999999989,1.75,-27.5,-87.01,27.94,1.31,-90.52
200.0,-52.94117647058823,140.0,15.900000000000006,-9.358823529411765,8.199999999999989,-2.1,-27.5,-87.01,27.94,1.31,-94.21
200.0,-64.70588235294116,140.0,10.300000000000011,-14.594117647058837,7.199999999999989,-6.15,-27.94,-87.01,28.12,1.4,-97.03
200.0,-76.47058823529412,140.0,6.599999999999994,-13.42941176470589,7.400000000000006,-8.52,-27.94,-87.01,28.65,1.4,-97.03
200.0,-88.23529411764704,140.0,3.9000000000000057,-7.564705882352953,7.5,-9.05,-27.94,-87.01,28.65,1.4,-97.11
200.0,100.0,140.0,-0.6999999999999886,1.0999999999999943,9.5,43.33,-26.54,-87.09,26.36,0.26,-47.28
200.0,88.23529411764706,140.0,1.0,9.364705882352936,9.5,40.6,-26.54,-87.09,26.36,0.7,-51.5
200.0,76.47058823529412,140.0,7.099999999999994,7.129411764705878,9.5,36.12,-26.54,-87.09,26.36,0.79,-55.81
200.0,64.70588235294117,140.0,12.900000000000006,2.794117647058826,9.5,31.64,-26.54,-87.09,26.36,0.79,-59.94
200.0,52.94117647058824,140.0,17.599999999999994,-2.5411764705882405,9.099999999999994,27.24,-27.15,-87.09,27.07,0.96,-64.42
200.0,41.17647058823529,140.0,22.099999999999994,-5.5764705882352885,8.199999999999989,23.2,-27.68,-87.09,28.56,1.23,-68.46
200.0,29.411764705882348,140.0,24.30000000000001,-9.811764705882347,8.099999999999994,18.89,-27.68,-87.09,28.56,1.23,-72.77
200.0,17.64705882352942,140.0,25.099999999999994,-14.94705882352942,8.099999999999994,14.67,-27.68,-87.09,28.56,1.23,-76.81
200.0,5.882352941176478,140.0,24.69999999999999,-19.68235294117648,8.099999999999994,10.54,-27.68,-87.09,28.56,1.23,-81.03
200.0,-5.882352941176478,140.0,23.099999999999994,-24.117647058823522,8.099999999999994,6.32,-27.68,-87.09,28.56,1.23,-85.16
200.0,-17.64705882352942,140.0,20.30000000000001,-28.652941176470577,8.099999999999994,2.1,-27.68,-87.09,28.56,1.23,-89.38
200.0,-29.411764705882348,140.0,16.30000000000001,-32.98823529411765,8.099999999999994,-2.19,-27.68,-87.09,28.56,1.23,-93.33
200.0,-41.176470588235304,140.0,11.0,-37.62352941176469,8.400000000000006,-6.15,-27.68,-87.01,28.56,1.23,-96.76
200.0,-52.94117647058823,140.0,5.900000000000006,-38.358823529411765,8.400000000000006,-9.05,-27.68,-87.01,28.56,1.23,-96.94
200.0,-64.70588235294116,140.0,3.0,-32.79411764705884,8.400000000000006,-9.49,-27.68,-87.01,28.56,1.23,-97.03
200.0,-76.47058823529412,140.0,3.5999999999999943,-20.12941176470588,8.400000000000006,-9.22,-27.68,-87.01,28.56,0.87,-97.2
200.0,-88.23529411764704,140.0,3.5999999999999943,-8.36470588235295,8.400000000000006,-9.22,-27.68,-87.01,28.56,0.87,-97.29
200.0,100.0,140.0,1.3000000000000114,-0.7000000000000028,8.800000000000011,42.62,-27.15,-87.09,27.59,0.17,-47.28
200.0,88.23529411764706,140.0,1.8000000000000114,10.364705882352936,8.800000000000011,41.04,-27.15,-87.09,27.59,0.52,-51.94
200.0,76.47058823529412,140.0,6.800000000000011,10.529411764705884,8.5,36.91,-27.24,-87.09,27.59,1.14,-55.89
200.0,64.70588235294117,140.0,12.800000000000011,6.39411764705882,8.5,32.34,-27.24,-87.09,27.59,1.23,-60.02
200.0,52.94117647058824,140.0,17.69999999999999,1.2588235294117638,8.5,28.03,-27.24,-87.09,27.59,1.23,-64.42
200.0,41.17647058823529,140.0,21.099999999999994,-3.17647058823529,8.5,23.81,-27.24,-87.09,27.59,1.23,-68.55
200.0,29.411764705882348,140.0,23.30000000000001,-7.711764705882349,8.5,19.59,-27.24,-87.09,27.59,1.23,-72.77
200.0,17.64705882352942,140.0,24.30000000000001,-12.44705882352942,8.5,15.46,-27.24,-87.09,27.59,1.23,-76.99
200.0,5.882352941176478,140.0,24.099999999999994,-16.782352941176477,8.5,11.25,-27.24,-87.09,27.59,1.23,-81.29
200.0,-5.882352941176478,140.0,22.69999999999999,-21.117647058823522,8.5,7.11,-27.24,-87.09,27.59,1.23,-85.42
200.0,-17.64705882352942,140.0,20.0,-25.95294117647058,8.5,3.07,-27.24,-87.09,27.59,1.23,-89.47
200.0,-29.411764705882348,140.0,16.599999999999994,-28.98823529411765,8.5,-1.05,-27.24,-87.09,27.59,1.23,-93.42
200.0,-41.176470588235304,140.0,11.599999999999994,-33.323529411764696,8.5,-5.27,-27.24,-87.09,27.59,1.23,-96.94
200.0,-52.94117647058823,140.0,6.099999999999994,-35.65882352941176,8.5,-8.52,-27.68,-87.01,27.59,1.31,-97.03
200.0,-64.70588235294116,140.0,4.0,-30.094117647058837,6.800000000000011,-8.78,-27.94,-87.01,28.3,1.49,-97.47
200.0,-76.47058823529412,140.0,4.300000000000011,-18.029411764705884,7.0,-8.78,-27.94,-87.01,28.3,1.49,-97.55
200.0,-88.23529411764704,140.0,4.300000000000011,-6.264705882352956,7.0,-8.78,-27.94,-87.01,28.3,1.49,-97.64
200.0,100.0,140.0,0.30000000000001137,-0.5,9.5,42.8,-26.63,-86.92,26.27,0.35,-47.28
200.0,88.23529411764706,140.0,1.1999999999999886,9.364705882352936,9.199999999999989,40.6,-26.71,-86.92,26.27,0.79,-51.85
200.0,76.47058823529412,140.0,6.900000000000006,8.029411764705884,9.199999999999989,36.29,-26.71,-86.92,26.27,0.96,-55.81
200.0,64.70588235294117,140.0,12.900000000000006,3.3941176470588204,9.199999999999989,31.72,-26.71,-86.92,26.27,0.96,-59.94
200.0,52.94117647058824,140.0,17.599999999999994,-1.2411764705882362,8.300000000000011,27.42,-27.33,-86.92,27.68,0.96,-64.33
200.0,41.17647058823529,140.0,22.0,-5.0764705882352885,8.5,23.29,-27.5,-86.92,27.94,1.05,-68.46
200.0,29.411764705882348,140.0,24.099999999999994,-9.711764705882349,8.5,19.16,-27.5,-86.92,27.94,1.05,-72.77
200.0,17.64705882352942,140.0,24.900000000000006,-14.14705882352942,8.5,14.85,-27.5,-86.92,27.94,1.05,-76.9
200.0,5.882352941176478,140.0,24.5,-18.882352941176478,8.5,10.72,-27.5,-86.92,27.94,1.05,-81.21
200.0,-5.882352941176478,140.0,23.0,-23.51764705882352,8.5,6.5,-27.5,-86.92,27.94,1.05,-85.25
200.0,-17.64705882352942,140.0,20.19999999999999,-28.152941176470577,8.5,2.28,-27.5,-86.92,27.94,1.05,-89.56
200.0,-29.411764705882348,140.0,16.19999999999999,-32.38823529411765,8.5,-1.93,-27.5,-86.92,27.94,1.05,-93.51
200.0,-41.176470588235304,140.0,11.0,-36.7235294117647,8.5,-6.15,-27.5,-86.92,27.94,1.05,-96.85
200.0,-52.94117647058823,140.0,5.400000000000006,-38.75882352941177,8.5,-9.14,-27.5,-86.92,27.94,1.05,-96.94
200.0,-64.70588235294116,140.0,2.5,-33.194117647058846,8.5,-9.58,-27.5,-86.92,27.94,1.05,-97.03
200.0,-76.47058823529412,140.0,2.9000000000000057,-20.729411764705887,8.5,-9.4,-27.5,-86.92,27.94,0.79,-97.11
200.0,-88.23529411764704,140.0,2.9000000000000057,-8.964705882352959,8.5,-9.4,-27.5,-86.92,27.94,0.79,-97.29
200.0,100.0,140.0,0.5999999999999943,-0.29999999999999716,9.800000000000011,42.8,-26.98,-86.92,26.71,0.26,-47.19
200.0,88.23529411764706,140.0,2.3000000000000114,9.664705882352948,8.099999999999994,40.51,-27.5,-86.92,27.94,0.87,-51.94
200.0,76.47058823529412,140.0,8.0,9.229411764705887,7.900000000000006,36.38,-27.68,-86.92,28.03,1.4,-55.89
200.0,64.70588235294117,140.0,13.800000000000011,5.194117647058832,7.900000000000006,31.9,-27.68,-86.92,28.03,1.4,-60.11
200.0,52.94117647058824,140.0,18.599999999999994,0.058823529411760944,7.900000000000006,27.68,-27.68,-86.92,28.03,1.4,-64.42
200.0,41.17647058823529,140.0,21.900000000000006,-4.376470588235293,7.900000000000006,23.37,-27.68,-86.92,28.03,1.4,-68.55
200.0,29.411764705882348,140.0,24.0,-9.111764705882347,7.900000000000006,19.16,-27.68,-86.92,28.03,1.4,-72.86
200.0,17.64705882352942,140.0,24.900000000000006,-13.84705882352942,7.900000000000006,14.94,-27.68,-86.92,28.03,1.4,-76.99
200.0,5.882352941176478,140.0,24.599999999999994,-18.582352941176477,7.900000000000006,10.81,-27.68,-86.92,28.03,1.4,-81.29
200.0,-5.882352941176478,140.0,23.099999999999994,-22.917647058823523,7.900000000000006,6.59,-27.68,-86.92,28.03,1.4,-85.42
200.0,-17.64705882352942,140.0,20.30000000000001,-27.85294117647058,7.900000000000006,2.28,-27.68,-86.92,28.03,1.4,-89.64
200.0,-29.411764705882348,140.0,16.400000000000006,-32.18823529411765,7.900000000000006,-1.93,-27.68,-86.92,28.03,1.4,-93.69
200.0,-41.176470588235304,140.0,11.099999999999994,-36.42352941176469,7.900000000000006,-6.15,-27.68,-86.92,28.03,1.4,-96.94
200.0,-52.94117647058823,140.0,5.699999999999989,-38.15882352941176,7.900000000000006,-9.14,-27.68,-86.92,28.03,1.4,-97.03
200.0,-64.70588235294116,140.0,2.5999999999999943,-32.99411764705884,7.900000000000006,-9.58,-27.68,-86.92,28.03,1.4,-97.11
200.0,-76.47058823529412,140.0,3.0,-20.529411764705884,7.900000000000006,-9.4,-27.68,-86.92,28.03,1.05,-97.29
200.0,-88.23529411764704,140.0,3.0,-8.764705882352956,7.900000000000006,-9.4,-27.68,-86.92,28.03,1.05,-97.38
200.0,100.0,140.0,0.09999999999999432,-1.7999999999999972,10.199999999999989,42.62,-26.1,-87.09,25.66,0.17,-47.28
200.0,88.23529411764706,140.0,0.09999999999999432,9.864705882352936,10.199999999999989,41.39,-26.1,-87.09,25.66,0.52,-51.5
200.0,76.47058823529412,140.0,4.900000000000006,10.829411764705881,10.199999999999989,37.08,-26.1,-87.09,25.66,0.7,-55.28
200.0,64.70588235294117,140.0,11.400000000000006,5.39411764705882,10.199999999999989,32.43,-26.1,-87.09,25.66,0.79,-59.67
200.0,52.94117647058824,140.0,16.099999999999994,0.7588235294117638,10.199999999999989,28.12,-26.1,-87.09,25.66,0.79,-64.16
200.0,41.17647058823529,140.0,19.599999999999994,-3.876470588235293,10.199999999999989,23.99,-26.1,-87.09,25.66,0.79,-68.2
200.0,29.411764705882348,140.0,21.69999999999999,-8.01176470588235,10.199999999999989,19.77,-26.1,-87.09,25.66,0.79,-72.42
200.0,17.64705882352942,140.0,22.69999999999999,-12.34705882352942,10.199999999999989,15.64,-26.1,-87.09,25.66,0.79,-76.55
200.0,5.882352941176478,140.0,22.5,-16.882352941176478,10.199999999999989,11.42,-26.1,-87.09,25.66,0.79,-80.94
200.0,-5.882352941176478,140.0,21.099999999999994,-21.117647058823522,10.199999999999989,7.29,-26.1,-87.09,25.66,0.79,-85.07
200.0,-17.64705882352942,140.0,18.5,-25.45294117647058,10.199999999999989,3.07,-26.1,-87.09,25.66,0.79,-89.2
200.0,-29.411764705882348,140.0,14.699999999999989,-29.688235294117653,10.199999999999989,-1.14,-26.1,-87.09,25.66,0.79,-93.33
200.0,-41.176470588235304,140.0,9.900000000000006,-33.5235294117647,10.300000000000011,-5.36,-26.1,-87.09,25.66,0.79,-96.85
200.0,-52.94117647058823,140.0,4.099999999999994,-36.05882352941177,10.199999999999989,-8.61,-26.1,-87.09,25.66,0.79,-96.94
200.0,-64.70588235294116,140.0,1.0,-31.194117647058846,10.199999999999989,-9.22,-26.1,-87.09,25.66,0.79,-97.03
200.0,-76.47058823529412,140.0,1.8000000000000114,-19.62941176470588,9.800000000000011,-9.14,-27.07,-87.09,27.94,0.7,-97.47
200.0,-88.23529411764704,140.0,3.1999999999999886,-8.064705882352953,9.800000000000011,-9.14,-27.15,-87.09,28.3,0.7,-97.55
200.0,100.0,140.0,-0.19999999999998863,1.4000000000000057,8.800000000000011,43.24,-26.98,-87.09,27.07,0.43,-47.28
200.0,88.23529411764706,140.0,0.5999999999999943,11.56470588235294,8.800000000000011,41.57,-27.15,-87.09,27.07,0.52,-51.06
200.0,76.47058823529412,140.0,5.300000000000011,13.92941176470589,7.699999999999989,38.23,-27.68,-87.09,28.3,1.49,-54.22
200.0,64.70588235294117,140.0,10.900000000000006,13.39411764705882,7.900000000000006,34.01,-27.68,-87.09,28.38,1.49,-58.09
200.0,52.94117647058824,140.0,16.5,8.158823529411762,7.900000000000006,29.97,-27.68,-87.09,28.38,1.49,-62.05
200.0,41.17647058823529,140.0,20.0,5.82352941176471,7.900000000000006,25.92,-27.68,-87.09,28.38,1.49,-65.91
200.0,29.411764705882348,140.0,22.80000000000001,1.2882352941176514,7.900000000000006,22.06,-27.68,-87.09,28.38,1.49,-69.78
200.0,17.64705882352942,140.0,24.30000000000001,-1.0470588235294187,7.900000000000006,18.45,-27.68,-87.09,28.38,1.49,-73.38
200.0,5.882352941176478,140.0,24.900000000000006,-3.382352941176478,7.900000000000006,14.94,-27.68,-87.09,28.38,1.49,-76.9
200.0,-5.882352941176478,140.0,24.69999999999999,-5.317647058823521,7.900000000000006,11.33,-27.68,-87.09,28.38,1.49,-80.5
200.0,-17.64705882352942,140.0,23.5,-7.652941176470581,7.900000000000006,7.38,-27.68,-87.09,28.38,1.49,-84.46
200.0,-29.411764705882348,140.0,20.900000000000006,-12.98823529411765,7.900000000000006,3.33,-27.68,-87.01,28.38,1.49,-88.33
200.0,-41.176470588235304,140.0,17.900000000000006,-15.023529411764699,8.199999999999989,-0.26,-27.68,-87.01,28.38,1.49,-91.84
200.0,-52.94117647058823,140.0,14.0,-16.858823529411765,8.199999999999989,-3.95,-27.68,-87.01,28.38,1.49,-95.27
200.0,-64.70588235294116,140.0,9.0,-18.694117647058846,8.199999999999989,-7.2,-27.68,-87.01,28.38,1.49,-96.94
200.0,-76.47058823529412,140.0,4.800000000000011,-16.729411764705887,8.199999999999989,-9.14,-27.68,-87.01,28.38,1.49,-97.03
200.0,-88.23529411764704,140.0,3.4000000000000057,-8.164705882352962,8.199999999999989,-9.22,-27.68,-87.01,28.38,1.4,-97.11
200.0,100.0,140.0,0.5,0.7999999999999972,8.699999999999989,43.06,-27.15,-87.09,27.5,0.17,-47.19
200.0,88.23529411764706,140.0,1.0999999999999943,11.364705882352936,8.699999999999989,41.48,-27.15,-87.09,27.5,0.52,-51.24
200.0,76.47058823529412,140.0,5.300000000000011,13.729411764705887,8.400000000000006,38.05,-27.24,-87.09,27.5,1.23,-54.22
200.0,64.70588235294117,140.0,10.800000000000011,11.794117647058826,8.400000000000006,34.27,-27.24,-87.09,27.5,1.23,-57.83
200.0,52.94117647058824,140.0,15.400000000000006,9.558823529411761,8.400000000000006,30.49,-27.24,-87.09,27.5,1.23,-61.43
200.0,41.17647058823529,140.0,19.0,7.32352941176471,8.400000000000006,26.8,-27.24,-87.09,27.5,1.23,-65.12
200.0,29.411764705882348,140.0,21.599999999999994,5.1882352941176535,8.400000000000006,23.2,-27.24,-87.09,27.5,1.23,-68.64
200.0,17.64705882352942,140.0,23.30000000000001,2.6529411764705806,8.400000000000006,19.59,-27.24,-87.09,27.5,1.23,-72.24
200.0,5.882352941176478,140.0,24.19999999999999,-0.3823529411764781,8.400000000000006,15.46,-27.24,-87.09,27.5,1.23,-76.37
200.0,-5.882352941176478,140.0,24.099999999999994,-3.617647058823522,8.400000000000006,11.95,-27.24,-87.09,27.5,1.23,-79.98
200.0,-17.64705882352942,140.0,22.900000000000006,-6.952941176470581,8.400000000000006,7.73,-27.24,-87.09,27.5,1.23,-84.28
200.0,-29.411764705882348,140.0,20.69999999999999,-10.48823529411765,8.400000000000006,4.04,-27.24,-87.09,27.5,1.23,-87.8
200.0,-41.176470588235304,140.0,17.69999999999999,-12.523529411764699,8.400000000000006,0.43,-27.24,-87.09,27.5,1.23,-91.23
200.0,-52.94117647058823,140.0,13.900000000000006,-14.358823529411765,8.400000000000006,-3.16,-27.24,-87.09,27.5,1.23,-94.74
200.0,-64.70588235294116,140.0,9.199999999999989,-16.594117647058837,7.599999999999994,-6.76,-27.86,-87.01,28.12,1.4,-97.03
200.0,-76.47058823529412,140.0,5.900000000000006,-16.029411764705884,7.199999999999989,-8.96,-28.3,-87.01,29.26,1.4,-97.11
200.0,-88.23529411764704,140.0,4.400000000000006,-7.664705882352962,7.0,-9.14,-28.3,-87.01,29.26,1.4,-97.11
